_KEY,pattern_hash,pattern,pattern_parts,part_0,pattern_terminator,timestamp_format
$ifXGk6Kc6CS,$ifXGk6Kc6CS,SLF4J: Class path contains multiple SLF4J bindings.,,,SLF4J: Class path contains multiple SLF4J bindings.,
kGeu7kVZHuz,kGeu7kVZHuz,SLF4J: Found binding in [jar:file://opt//hdfs//nodemanager//$//$//$//$//spark-$-1.$.$-$.$.$.$//org//slf4j//impl//$.class],/@@/@@/@@/spark-@@-1.@@.@@-@@.@@.@@.@@/org/slf4j/impl/,SLF4J: Found binding in [jar:file:/opt/hdfs/nodemanager/,.class],
esszmA8cXJL,esszmA8cXJL,SLF4J: Found binding in [jar:file://$//local//hadoop//share//hadoop//common//lib//slf4j-$-1.$.$.$//org//slf4j//impl//$.class],/local/hadoop/share/hadoop/common/lib/slf4j-@@-1.@@.@@.@@/org/slf4j/impl/,SLF4J: Found binding in [jar:file:/,.class],
dmwlbqMGyGL,dmwlbqMGyGL,SLF4J: See http:////www.slf4j.org//codes.$_bindings for an $.,_bindings for an ,SLF4J: See http://www.slf4j.org/codes.,.,
$bcj4ljY0Wn,$bcj4ljY0Wn,SLF4J: Actual binding is of type [org.slf4j.impl.Log4jLoggerFactory],,,SLF4J: Actual binding is of type [org.slf4j.impl.Log4jLoggerFactory],
$fFJhP4JTg5b,$fFJhP4JTg5b,"$(yy/MM/dd HH:mm:ss) INFO executor.CoarseGrainedExecutorBackend: Registered signal handlers for [TERM, HUP, INT]",,,"__TENX_TS__ INFO executor.CoarseGrainedExecutorBackend: Registered signal handlers for [TERM, HUP, INT]",%y/%m/%d %H:%M:%S
$iBuQSrkEh19,$iBuQSrkEh19,"$(yy/MM/dd HH:mm:ss) INFO spark.SecurityManager: Changing view acls to: yarn,$","__TENX_TS__ INFO spark.SecurityManager: Changing view acls to: yarn,",,,%y/%m/%d %H:%M:%S
k5wX1olgEKh,k5wX1olgEKh,"$(yy/MM/dd HH:mm:ss) INFO spark.SecurityManager: Changing modify acls to: yarn,$","__TENX_TS__ INFO spark.SecurityManager: Changing modify acls to: yarn,",,,%y/%m/%d %H:%M:%S
$cThYqriy514,$cThYqriy514,"$(yy/MM/dd HH:mm:ss) INFO spark.SecurityManager: SecurityManager: authentication disabled; ui acls disabled; users with view permissions: Set(yarn, $); users with modify permissions: Set(yarn, $)","__TENX_TS__ INFO spark.SecurityManager: SecurityManager: authentication disabled; ui acls disabled; users with view permissions: Set(yarn, @@); users with modify permissions: Set(yarn, ",,),%y/%m/%d %H:%M:%S
$bRatdNfpul,$bRatdNfpul,$(yy/MM/dd HH:mm:ss) INFO slf4j.$: $ started,__TENX_TS__ INFO slf4j.@@: ,, started,%y/%m/%d %H:%M:%S
$dkJQ8EWGUrN,$dkJQ8EWGUrN,$(yy/MM/dd HH:mm:ss) INFO $: Starting $,__TENX_TS__ INFO @@: Starting ,,,%y/%m/%d %H:%M:%S
$jmou1Sla0K8,$jmou1Sla0K8,$(yy/MM/dd HH:mm:ss) INFO $: $ started; listening on addresses :[akka.$:////$-$$:$],__TENX_TS__ INFO @@: @@ started; listening on addresses :[akka.@@://@@-@@@@:,,],%y/%m/%d %H:%M:%S
ceEP7PkpO8X,ceEP7PkpO8X,$(yy/MM/dd HH:mm:ss) INFO util.Utils: Successfully started service 'driverPropsFetcher' on port $.,__TENX_TS__ INFO util.Utils: Successfully started service 'driverPropsFetcher' on port ,,.,%y/%m/%d %H:%M:%S
dUFG7PSDJc1,dUFG7PSDJc1,$(yy/MM/dd HH:mm:ss) INFO remote.$/$$: Shutting down remote daemon.,__TENX_TS__ INFO remote.@@$,,: Shutting down remote daemon.,%y/%m/%d %H:%M:%S
jqNeEAd6HVU,jqNeEAd6HVU,$(yy/MM/dd HH:mm:ss) INFO remote.$/$$: Remote daemon shut down; $ with $ remote $.,__TENX_TS__ INFO remote.@@$@@: Remote daemon shut down; @@ with @@ remote ,,.,%y/%m/%d %H:%M:%S
gto1Ohu9b9e,gto1Ohu9b9e,$(yy/MM/dd HH:mm:ss) INFO remote.$/$$: $ shut down.,__TENX_TS__ INFO remote.@@$@@: ,, shut down.,%y/%m/%d %H:%M:%S
dI24eriDpKr,dI24eriDpKr,$(yy/MM/dd HH:mm:ss) INFO util.Utils: Successfully started service 'sparkExecutor' on port $.,__TENX_TS__ INFO util.Utils: Successfully started service 'sparkExecutor' on port ,,.,%y/%m/%d %H:%M:%S
$hu7vwOKJxu6,$hu7vwOKJxu6,$(yy/MM/dd HH:mm:ss) INFO storage.DiskBlockManager: Created local directory at //opt//hdfs//nodemanager//$//$//$//application_$_$//blockmgr-$-$-$-$-$,__TENX_TS__ INFO storage.DiskBlockManager: Created local directory at /opt/hdfs/nodemanager/@@/@@/@@/application_@@_@@/blockmgr-@@-@@-@@-@@-,,,%y/%m/%d %H:%M:%S
$b4vF3zxxbyg,$b4vF3zxxbyg,$(yy/MM/dd HH:mm:ss) INFO storage.MemoryStore: MemoryStore started with capacity $.$ MB,__TENX_TS__ INFO storage.MemoryStore: MemoryStore started with capacity @@.,, MB,%y/%m/%d %H:%M:%S
$kQhEtBTUSOq,$kQhEtBTUSOq,$(yy/MM/dd HH:mm:ss) INFO executor.CoarseGrainedExecutorBackend: Connecting to driver: akka.$:////$.$.$.$:$//user//CoarseGrainedScheduler,__TENX_TS__ INFO executor.CoarseGrainedExecutorBackend: Connecting to driver: akka.@@://@@.@@.@@.@@:,,/user/CoarseGrainedScheduler,%y/%m/%d %H:%M:%S
hvJQhYhAgdx,hvJQhYhAgdx,$(yy/MM/dd HH:mm:ss) INFO executor.CoarseGrainedExecutorBackend: Successfully registered with driver,,,__TENX_TS__ INFO executor.CoarseGrainedExecutorBackend: Successfully registered with driver,%y/%m/%d %H:%M:%S
gX70KMw38qD,gX70KMw38qD,$(yy/MM/dd HH:mm:ss) INFO executor.Executor: Starting executor ID $ on host mesos-$$,__TENX_TS__ INFO executor.Executor: Starting executor ID @@ on host mesos-@@,,,%y/%m/%d %H:%M:%S
$kIJdb3crGxD,$kIJdb3crGxD,$(yy/MM/dd HH:mm:ss) INFO util.Utils: Successfully started service 'org.apache.spark.network.netty.NettyBlockTransferService' on port $.,__TENX_TS__ INFO util.Utils: Successfully started service 'org.apache.spark.network.netty.NettyBlockTransferService' on port ,,.,%y/%m/%d %H:%M:%S
fXqOjOC9xcb,fXqOjOC9xcb,$(yy/MM/dd HH:mm:ss) INFO netty.NettyBlockTransferService: Server created on $,__TENX_TS__ INFO netty.NettyBlockTransferService: Server created on ,,,%y/%m/%d %H:%M:%S
$hkUJ0Shz5Zs,$hkUJ0Shz5Zs,$(yy/MM/dd HH:mm:ss) INFO storage.BlockManagerMaster: Trying to register BlockManager,,,__TENX_TS__ INFO storage.BlockManagerMaster: Trying to register BlockManager,%y/%m/%d %H:%M:%S
$gL8UAcB5SfW,$gL8UAcB5SfW,$(yy/MM/dd HH:mm:ss) INFO storage.BlockManagerMaster: Registered BlockManager,,,__TENX_TS__ INFO storage.BlockManagerMaster: Registered BlockManager,%y/%m/%d %H:%M:%S
$cnYO9h9ytia,$cnYO9h9ytia,$(yy/MM/dd HH:mm:ss) INFO executor.Executor: Using REPL class URI: http:////$.$.$.$:$,__TENX_TS__ INFO executor.Executor: Using REPL class URI: http://@@.@@.@@.@@:,,,%y/%m/%d %H:%M:%S
$hbnPp4xAAqg,$hbnPp4xAAqg,$(yy/MM/dd HH:mm:ss) INFO executor.CoarseGrainedExecutorBackend: Got assigned task $,__TENX_TS__ INFO executor.CoarseGrainedExecutorBackend: Got assigned task ,,,%y/%m/%d %H:%M:%S
cgmMF5nzurX,cgmMF5nzurX,$(yy/MM/dd HH:mm:ss) INFO executor.Executor: Running task $.$ in stage $.$ (TID $),__TENX_TS__ INFO executor.Executor: Running task @@.@@ in stage @@.@@ (TID ,,),%y/%m/%d %H:%M:%S
hvqFE1FViaN,hvqFE1FViaN,$(yy/MM/dd HH:mm:ss) INFO broadcast.TorrentBroadcast: Started reading broadcast variable $,__TENX_TS__ INFO broadcast.TorrentBroadcast: Started reading broadcast variable ,,,%y/%m/%d %H:%M:%S
$e6LpOR07UZ8,$e6LpOR07UZ8,"$(yy/MM/dd HH:mm:ss) INFO storage.MemoryStore: ensureFreeSpace($) called with $=$, maxMem=$","__TENX_TS__ INFO storage.MemoryStore: ensureFreeSpace(@@) called with @@=@@, maxMem=",,,%y/%m/%d %H:%M:%S
$cnKwT3vlCHO,$cnKwT3vlCHO,"$(yy/MM/dd HH:mm:ss) INFO storage.MemoryStore: Block broadcast_$_$ stored as bytes in memory (estimated size $.$ B, free $.$ MB)","__TENX_TS__ INFO storage.MemoryStore: Block broadcast_@@_@@ stored as bytes in memory (estimated size @@.@@ B, free @@.",, MB),%y/%m/%d %H:%M:%S
$fazHH1na3D8,$fazHH1na3D8,$(yy/MM/dd HH:mm:ss) INFO broadcast.TorrentBroadcast: Reading broadcast variable $ took $ ms,__TENX_TS__ INFO broadcast.TorrentBroadcast: Reading broadcast variable @@ took ,, ms,%y/%m/%d %H:%M:%S
$dzlzKtpPHn9,$dzlzKtpPHn9,"$(yy/MM/dd HH:mm:ss) INFO storage.MemoryStore: Block broadcast_$ stored as values in memory (estimated size $.$ B, free $.$ MB)","__TENX_TS__ INFO storage.MemoryStore: Block broadcast_@@ stored as values in memory (estimated size @@.@@ B, free @@.",, MB),%y/%m/%d %H:%M:%S
$j2KYQH8Curv,$j2KYQH8Curv,"$(yy/MM/dd HH:mm:ss) INFO rdd.BinaryFileRDD: Input split: $://$//dataset//$//$_img_test//$_test_$.$:$+$,//$//dataset//$//$_img_test//$_test_$.$:$+$","__TENX_TS__ INFO rdd.BinaryFileRDD: Input split: @@:/@@/dataset/@@/@@_img_test/@@_test_@@.@@:@@+@@,/@@/dataset/@@/@@_img_test/@@_test_@@.@@:@@+",,,%y/%m/%d %H:%M:%S
ifrUlDnN0xo,ifrUlDnN0xo,"$(yy/MM/dd HH:mm:ss) INFO storage.MemoryStore: Block broadcast_$_$ stored as bytes in memory (estimated size $.$ KB, free $.$ MB)","__TENX_TS__ INFO storage.MemoryStore: Block broadcast_@@_@@ stored as bytes in memory (estimated size @@.@@ KB, free @@.",, MB),%y/%m/%d %H:%M:%S
$gGbA53QmSG3,$gGbA53QmSG3,"$(yy/MM/dd HH:mm:ss) INFO storage.MemoryStore: Block broadcast_$ stored as values in memory (estimated size $.$ KB, free $.$ MB)","__TENX_TS__ INFO storage.MemoryStore: Block broadcast_@@ stored as values in memory (estimated size @@.@@ KB, free @@.",, MB),%y/%m/%d %H:%M:%S
k5BjbC0a9P,k5BjbC0a9P,$(yy/MM/dd HH:mm:ss) INFO executor.Executor: Finished task $.$ in stage $.$ (TID $). $ bytes result sent to driver,__TENX_TS__ INFO executor.Executor: Finished task @@.@@ in stage @@.@@ (TID @@). ,, bytes result sent to driver,%y/%m/%d %H:%M:%S
fFbOdOf1gmG,fFbOdOf1gmG,$(yy/MM/dd HH:mm:ss) INFO rdd.BinaryFileRDD: Input split: $://$//dataset//$//$_img_test//$_test_$.$:$+$,__TENX_TS__ INFO rdd.BinaryFileRDD: Input split: @@:/@@/dataset/@@/@@_img_test/@@_test_@@.@@:@@+,,,%y/%m/%d %H:%M:%S
$icntwvfd7j6,$icntwvfd7j6,"$(yy/MM/dd HH:mm:ss) INFO rdd.BinaryFileRDD: Input split: $://$//dataset//$//$_img_test//$_test_$.$:$+$,//$//dataset//$//$_img_test//$_test_$.$:$+$,//$//dataset//$//$_img_test//$_test_$.$:$+$","__TENX_TS__ INFO rdd.BinaryFileRDD: Input split: @@:/@@/dataset/@@/@@_img_test/@@_test_@@.@@:@@+@@,/@@/dataset/@@/@@_img_test/@@_test_@@.@@:@@+@@,/@@/dataset/@@/@@_img_test/@@_test_@@.@@:@@+",,,%y/%m/%d %H:%M:%S
$iwEMgCl8vS8,$iwEMgCl8vS8,"$(yy/MM/dd HH:mm:ss) INFO rdd.BinaryFileRDD: Input split: $://$//dataset//$//$_img_test//$_test_$.$:$+$,//$//dataset//$//$_img_test//$_test_$.$:$+$,//$//dataset//$//$_img_test//$_test_$.$:$+$,//$//dataset//$//$_img_test//$_test_$.$:$+$","__TENX_TS__ INFO rdd.BinaryFileRDD: Input split: @@:/@@/dataset/@@/@@_img_test/@@_test_@@.@@:@@+@@,/@@/dataset/@@/@@_img_test/@@_test_@@.@@:@@+@@,/@@/dataset/@@/@@_img_test/@@_test_@@.@@:@@+@@,/@@/dataset/@@/@@_img_test/@@_test_@@.@@:@@+",,,%y/%m/%d %H:%M:%S
$o9r5tUkmH3,$o9r5tUkmH3,$(yy/MM/dd HH:mm:ss) ERROR executor.CoarseGrainedExecutorBackend: Driver $.$.$.$:$ disassociated! Shutting down.,__TENX_TS__ ERROR executor.CoarseGrainedExecutorBackend: Driver @@.@@.@@.@@:,, disassociated! Shutting down.,%y/%m/%d %H:%M:%S
$dL4EbdsUUox,$dL4EbdsUUox,$(yy/MM/dd HH:mm:ss) INFO storage.DiskBlockManager: Shutdown hook called,,,__TENX_TS__ INFO storage.DiskBlockManager: Shutdown hook called,%y/%m/%d %H:%M:%S
$fghIDle3lJk,$fghIDle3lJk,"$(yy/MM/dd HH:mm:ss) INFO util.Utils: Shutdown hook called
SLF4J: Class path contains multiple SLF4J bindings.
SLF4J: Found binding in [jar:file://opt//hdfs//nodemanager//$//$//$//$//spark-$-1.$.$-$.$.$.$//org//slf4j//impl//$.class]
SLF4J: Found binding in [jar:file://$//local//hadoop//share//hadoop//common//lib//slf4j-$-1.$.$.$//org//slf4j//impl//$.class]
SLF4J: See http:////www.slf4j.org//codes.$_bindings for an $.
SLF4J: Actual binding is of type [org.slf4j.impl.Log4jLoggerFactory]","__TENX_TS__ INFO util.Utils: Shutdown hook called
SLF4J: Class path contains multiple SLF4J bindings.
SLF4J: Found binding in [jar:file:/opt/hdfs/nodemanager/@@/@@/@@/@@/spark-@@-1.@@.@@-@@.@@.@@.@@/org/slf4j/impl/@@.class]
SLF4J: Found binding in [jar:file:/@@/local/hadoop/share/hadoop/common/lib/slf4j-@@-1.@@.@@.@@/org/slf4j/impl/@@.class]
SLF4J: See http://www.slf4j.org/codes.@@_bindings for an ",,".
SLF4J: Actual binding is of type [org.slf4j.impl.Log4jLoggerFactory]",%y/%m/%d %H:%M:%S
g7C83EPHbty,g7C83EPHbty,$(yy/MM/dd HH:mm:ss) INFO storage.DiskBlockManager: Created local directory at //opt//hdfs//nodemanager//$//$//$//application_$_$//blockmgr-$-$$-$-$,__TENX_TS__ INFO storage.DiskBlockManager: Created local directory at /opt/hdfs/nodemanager/@@/@@/@@/application_@@_@@/blockmgr-@@-@@@@-@@-,,,%y/%m/%d %H:%M:%S
$cN8AqfV7Z,$cN8AqfV7Z,$(yy/MM/dd HH:mm:ss) INFO storage.DiskBlockManager: Created local directory at //opt//hdfs//nodemanager//$//$//$//application_$_$//blockmgr-$-$$-$$,__TENX_TS__ INFO storage.DiskBlockManager: Created local directory at /opt/hdfs/nodemanager/@@/@@/@@/application_@@_@@/blockmgr-@@-@@@@-@@,,,%y/%m/%d %H:%M:%S
87AvwWGgIJ,87AvwWGgIJ,$(yy/MM/dd HH:mm:ss) INFO storage.DiskBlockManager: Created local directory at //opt//hdfs//nodemanager//$//$//$//application_$_$//blockmgr-$$-$-$-$,__TENX_TS__ INFO storage.DiskBlockManager: Created local directory at /opt/hdfs/nodemanager/@@/@@/@@/application_@@_@@/blockmgr-@@@@-@@-@@-,,,%y/%m/%d %H:%M:%S
cQCeeaEUCBF,cQCeeaEUCBF,$(yy/MM/dd HH:mm:ss) INFO storage.DiskBlockManager: Created local directory at //opt//hdfs//nodemanager//$//$//$//application_$_$//blockmgr-$-$-$$-$,__TENX_TS__ INFO storage.DiskBlockManager: Created local directory at /opt/hdfs/nodemanager/@@/@@/@@/application_@@_@@/blockmgr-@@-@@-@@@@-,,,%y/%m/%d %H:%M:%S
$jAQiRYw64kg,$jAQiRYw64kg,$(yy/MM/dd HH:mm:ss) INFO storage.DiskBlockManager: Created local directory at //opt//hdfs//nodemanager//$//$//$//application_$_$//blockmgr-$$$-$-$,__TENX_TS__ INFO storage.DiskBlockManager: Created local directory at /opt/hdfs/nodemanager/@@/@@/@@/application_@@_@@/blockmgr-@@@@@@-@@-,,,%y/%m/%d %H:%M:%S
$dGDzYuCeZ3D,$dGDzYuCeZ3D,$(yy/MM/dd HH:mm:ss) INFO storage.DiskBlockManager: Created local directory at //opt//hdfs//nodemanager//$//$//$//application_$_$//blockmgr-$$-$$-$,__TENX_TS__ INFO storage.DiskBlockManager: Created local directory at /opt/hdfs/nodemanager/@@/@@/@@/application_@@_@@/blockmgr-@@@@-@@@@-,,,%y/%m/%d %H:%M:%S
$gMb6xg4fqNP,$gMb6xg4fqNP,$(yy/MM/dd HH:mm:ss) INFO util.Utils: Shutdown hook called,,,__TENX_TS__ INFO util.Utils: Shutdown hook called,%y/%m/%d %H:%M:%S
$gjX9aEw50hR,$gjX9aEw50hR,$(yy/MM/dd HH:mm:ss) INFO util.Utils: Successfully started service '$' on port $.,__TENX_TS__ INFO util.Utils: Successfully started service '@@' on port ,,.,%y/%m/%d %H:%M:%S
wlpx0bHitc,wlpx0bHitc,$(yy/MM/dd HH:mm:ss) INFO storage.MemoryStore: MemoryStore started with capacity $.$ GB,__TENX_TS__ INFO storage.MemoryStore: MemoryStore started with capacity @@.,, GB,%y/%m/%d %H:%M:%S
jMkG3PLJjgO,jMkG3PLJjgO,$(yy/MM/dd HH:mm:ss) INFO executor.CoarseGrainedExecutorBackend: Connecting to driver: spark:////$.$.$.$:$,__TENX_TS__ INFO executor.CoarseGrainedExecutorBackend: Connecting to driver: spark://@@.@@.@@.@@:,,,%y/%m/%d %H:%M:%S
$glfT3VrCp2l,$glfT3VrCp2l,$(yy/MM/dd HH:mm:ss) INFO executor.CoarseGrainedExecutorBackend: Driver commanded a shutdown,,,__TENX_TS__ INFO executor.CoarseGrainedExecutorBackend: Driver commanded a shutdown,%y/%m/%d %H:%M:%S
$iDweaPxt74,$iDweaPxt74,$(yy/MM/dd HH:mm:ss) INFO storage.MemoryStore: MemoryStore cleared,,,__TENX_TS__ INFO storage.MemoryStore: MemoryStore cleared,%y/%m/%d %H:%M:%S
jG8kmnr8iO0,jG8kmnr8iO0,$(yy/MM/dd HH:mm:ss) INFO storage.BlockManager: BlockManager stopped,,,__TENX_TS__ INFO storage.BlockManager: BlockManager stopped,%y/%m/%d %H:%M:%S
hlVZ6KAUS3F,hlVZ6KAUS3F,$(yy/MM/dd HH:mm:ss) WARN executor.CoarseGrainedExecutorBackend: An unknown (mesos-master-1:$) driver disconnected.,__TENX_TS__ WARN executor.CoarseGrainedExecutorBackend: An unknown (mesos-master-1:,,) driver disconnected.,%y/%m/%d %H:%M:%S
$jAoTJTUS0V8,$jAoTJTUS0V8,$(yy/MM/dd HH:mm:ss) INFO util.ShutdownHookManager: Shutdown hook called,,,__TENX_TS__ INFO util.ShutdownHookManager: Shutdown hook called,%y/%m/%d %H:%M:%S
dEEPWOW6YPb,dEEPWOW6YPb,"$(yy/MM/dd HH:mm:ss) INFO storage.MemoryStore: Block broadcast_$_$ stored as bytes in memory (estimated size $.$ KB, free $.$ KB)","__TENX_TS__ INFO storage.MemoryStore: Block broadcast_@@_@@ stored as bytes in memory (estimated size @@.@@ KB, free @@.",, KB),%y/%m/%d %H:%M:%S
c7sWSEbf8W2,c7sWSEbf8W2,"$(yy/MM/dd HH:mm:ss) INFO storage.MemoryStore: Block broadcast_$ stored as values in memory (estimated size $.$ KB, free $.$ KB)","__TENX_TS__ INFO storage.MemoryStore: Block broadcast_@@ stored as values in memory (estimated size @@.@@ KB, free @@.",, KB),%y/%m/%d %H:%M:%S
$cqIcSLbPXVe,$cqIcSLbPXVe,"$(yy/MM/dd HH:mm:ss) INFO spark.CacheManager: Partition rdd_$_$ not found, computing it",__TENX_TS__ INFO spark.CacheManager: Partition rdd_@@_,," not found, computing it",%y/%m/%d %H:%M:%S
bXhjipiUhc5,bXhjipiUhc5,$(yy/MM/dd HH:mm:ss) INFO rdd.HadoopRDD: Input split: hdfs:////$.$.$.$:$//$//logs//$.log:$+$,__TENX_TS__ INFO rdd.HadoopRDD: Input split: hdfs://@@.@@.@@.@@:@@/@@/logs/@@.log:@@+,,,%y/%m/%d %H:%M:%S
gu1LY0yYry7,gu1LY0yYry7,"$(yy/MM/dd HH:mm:ss) INFO Configuration.$: mapred.$.id is deprecated. $, use mapreduce.task.id",__TENX_TS__ INFO Configuration.@@: mapred.@@.id is deprecated. ,,", use mapreduce.task.id",%y/%m/%d %H:%M:%S
$h5Y4paO9Vkk,$h5Y4paO9Vkk,"$(yy/MM/dd HH:mm:ss) INFO Configuration.$: mapred.task.id is deprecated. $, use mapreduce.task.attempt.id",__TENX_TS__ INFO Configuration.@@: mapred.task.id is deprecated. ,,", use mapreduce.task.attempt.id",%y/%m/%d %H:%M:%S
bE1b3gu4RP8,bE1b3gu4RP8,"$(yy/MM/dd HH:mm:ss) INFO Configuration.$: mapred.task.is.map is deprecated. $, use mapreduce.task.ismap",__TENX_TS__ INFO Configuration.@@: mapred.task.is.map is deprecated. ,,", use mapreduce.task.ismap",%y/%m/%d %H:%M:%S
$iXoWVomgXaK,$iXoWVomgXaK,"$(yy/MM/dd HH:mm:ss) INFO Configuration.$: mapred.task.partition is deprecated. $, use mapreduce.task.partition",__TENX_TS__ INFO Configuration.@@: mapred.task.partition is deprecated. ,,", use mapreduce.task.partition",%y/%m/%d %H:%M:%S
gPZpEi5XkBx,gPZpEi5XkBx,"$(yy/MM/dd HH:mm:ss) INFO Configuration.$: mapred.job.id is deprecated. $, use mapreduce.job.id",__TENX_TS__ INFO Configuration.@@: mapred.job.id is deprecated. ,,", use mapreduce.job.id",%y/%m/%d %H:%M:%S
$e07UtNhUTyY,$e07UtNhUTyY,"$(yy/MM/dd HH:mm:ss) INFO storage.MemoryStore: Block broadcast_$_$ stored as bytes in memory (estimated size $.$ B, free $.$ KB)","__TENX_TS__ INFO storage.MemoryStore: Block broadcast_@@_@@ stored as bytes in memory (estimated size @@.@@ B, free @@.",, KB),%y/%m/%d %H:%M:%S
$fDvWarvjp1D,$fDvWarvjp1D,"$(yy/MM/dd HH:mm:ss) INFO storage.MemoryStore: Block broadcast_$ stored as values in memory (estimated size $.$ B, free $.$ KB)","__TENX_TS__ INFO storage.MemoryStore: Block broadcast_@@ stored as values in memory (estimated size @@.@@ B, free @@.",, KB),%y/%m/%d %H:%M:%S
$fBZZPKktOkR,$fBZZPKktOkR,"$(yy/MM/dd HH:mm:ss) INFO python.PythonRunner: Times: total = $, boot = $, init = $, finish = $","__TENX_TS__ INFO python.PythonRunner: Times: total = @@, boot = @@, init = @@, finish = ",,,%y/%m/%d %H:%M:%S
egaIXzJ9d5u,egaIXzJ9d5u,"$(yy/MM/dd HH:mm:ss) INFO storage.MemoryStore: Block rdd_$_$ stored as bytes in memory (estimated size $.$ B, free $.$ KB)","__TENX_TS__ INFO storage.MemoryStore: Block rdd_@@_@@ stored as bytes in memory (estimated size @@.@@ B, free @@.",, KB),%y/%m/%d %H:%M:%S
h5t4j9TwG2h,h5t4j9TwG2h,$(yy/MM/dd HH:mm:ss) INFO storage.BlockManager: Found block rdd_$_$ locally,__TENX_TS__ INFO storage.BlockManager: Found block rdd_@@_,, locally,%y/%m/%d %H:%M:%S
c9l5UnMw60R,c9l5UnMw60R,"$(yy/MM/dd HH:mm:ss) INFO python.PythonRunner: Times: total = $, boot = -1, init = $, finish = $","__TENX_TS__ INFO python.PythonRunner: Times: total = @@, boot = -1, init = @@, finish = ",,,%y/%m/%d %H:%M:%S
$kKHsOxtuq3N,$kKHsOxtuq3N,$(yy/MM/dd HH:mm:ss) INFO output.FileOutputCommitter: File Output Committer $ version is $,__TENX_TS__ INFO output.FileOutputCommitter: File Output Committer @@ version is ,,,%y/%m/%d %H:%M:%S
$fu5qNe1Z9Ds,$fu5qNe1Z9Ds,$(yy/MM/dd HH:mm:ss) INFO output.FileOutputCommitter: Saved output of task 'attempt_$_$_m_$_$' to hdfs:////$.$.$.$:$//$//test//$//_temporary//$//task_$_$_m_$,__TENX_TS__ INFO output.FileOutputCommitter: Saved output of task 'attempt_@@_@@_m_@@_@@' to hdfs://@@.@@.@@.@@:@@/@@/test/@@/_temporary/@@/task_@@_@@_m_,,,%y/%m/%d %H:%M:%S
cg5ZYfsVlNG,cg5ZYfsVlNG,$(yy/MM/dd HH:mm:ss) INFO mapred.SparkHadoopMapRedUtil: attempt_$_$_m_$_$: Committed,__TENX_TS__ INFO mapred.SparkHadoopMapRedUtil: attempt_@@_@@_m_@@_,,: Committed,%y/%m/%d %H:%M:%S
$gexIjokJzww,$gexIjokJzww,"$(yy/MM/dd HH:mm:ss) INFO storage.MemoryStore: Block rdd_$_$ stored as bytes in memory (estimated size $.$ B, free $.$ MB)","__TENX_TS__ INFO storage.MemoryStore: Block rdd_@@_@@ stored as bytes in memory (estimated size @@.@@ B, free @@.",, MB),%y/%m/%d %H:%M:%S
$fy9dfjCQ08A,$fy9dfjCQ08A,$(yy/MM/dd HH:mm:ss) INFO util.ShutdownHookManager: Deleting directory //opt//hdfs//nodemanager//$//$//$//application_$_$//spark-$$-$-$-$,__TENX_TS__ INFO util.ShutdownHookManager: Deleting directory /opt/hdfs/nodemanager/@@/@@/@@/application_@@_@@/spark-@@@@-@@-@@-,,,%y/%m/%d %H:%M:%S
gulwLKLt7Lz,gulwLKLt7Lz,$(yy/MM/dd HH:mm:ss) INFO $: $ started; listening on addresses :[akka.$:////$-master-1:$],__TENX_TS__ INFO @@: @@ started; listening on addresses :[akka.@@://@@-master-1:,,],%y/%m/%d %H:%M:%S
c1qzgTUNRJe,c1qzgTUNRJe,$(yy/MM/dd HH:mm:ss) INFO executor.Executor: Starting executor ID $ on host mesos-master-1,__TENX_TS__ INFO executor.Executor: Starting executor ID ,, on host mesos-master-1,%y/%m/%d %H:%M:%S
gfe2PBlbTZj,gfe2PBlbTZj,"$(yy/MM/dd HH:mm:ss) INFO $: Registered signal handlers for [TERM, HUP, INT]",__TENX_TS__ INFO ,,": Registered signal handlers for [TERM, HUP, INT]",%y/%m/%d %H:%M:%S
$iiUaW0TSsIl,$iiUaW0TSsIl,$(yy/MM/dd HH:mm:ss) INFO $: $: $_$_$_$,__TENX_TS__ INFO @@: @@: @@_@@_@@_,,,%y/%m/%d %H:%M:%S
$dTI5xZiigwk,$dTI5xZiigwk,"$(yy/MM/dd HH:mm:ss) INFO SecurityManager: Changing view acls to: yarn,$","__TENX_TS__ INFO SecurityManager: Changing view acls to: yarn,",,,%y/%m/%d %H:%M:%S
$gUUg7bKuoWq,$gUUg7bKuoWq,"$(yy/MM/dd HH:mm:ss) INFO SecurityManager: Changing modify acls to: yarn,$","__TENX_TS__ INFO SecurityManager: Changing modify acls to: yarn,",,,%y/%m/%d %H:%M:%S
$f1Q18QALUfX,$f1Q18QALUfX,"$(yy/MM/dd HH:mm:ss) INFO SecurityManager: SecurityManager: authentication disabled; ui acls disabled; users with view permissions: Set(yarn, $); users with modify permissions: Set(yarn, $)","__TENX_TS__ INFO SecurityManager: SecurityManager: authentication disabled; ui acls disabled; users with view permissions: Set(yarn, @@); users with modify permissions: Set(yarn, ",,),%y/%m/%d %H:%M:%S
$fSg9uIgllc4,$fSg9uIgllc4,$(yy/MM/dd HH:mm:ss) INFO $: Waiting for Spark driver to be $.,__TENX_TS__ INFO @@: Waiting for Spark driver to be ,,.,%y/%m/%d %H:%M:%S
$bb7JRN321XO,$bb7JRN321XO,$(yy/MM/dd HH:mm:ss) INFO $: Driver now available: $.$.$.$:$,__TENX_TS__ INFO @@: Driver now available: @@.@@.@@.@@:,,,%y/%m/%d %H:%M:%S
$hGpo4C2K2ac,$hGpo4C2K2ac,"$(yy/MM/dd HH:mm:ss) INFO $/$$: Add WebUI Filter. AddWebUIFilter(org.apache.hadoop.yarn.server.$.$.$,Map(PROXY_HOSTS -> mesos-master-1, PROXY_URI_$ -> http:////mesos-master-1:$//proxy//application_$_$),//proxy//application_$_$)","__TENX_TS__ INFO @@$@@: Add WebUI Filter. AddWebUIFilter(org.apache.hadoop.yarn.server.@@.@@.@@,Map(PROXY_HOSTS -> mesos-master-1, PROXY_URI_@@ -> http://mesos-master-1:@@/proxy/application_@@_@@),/proxy/application_@@_",,),%y/%m/%d %H:%M:%S
ixptecHLsaD,ixptecHLsaD,$(yy/MM/dd HH:mm:ss) INFO $: Connecting to $ at mesos-master-1//$.$.$.$:$,__TENX_TS__ INFO @@: Connecting to @@ at mesos-master-1/@@.@@.@@.@@:,,,%y/%m/%d %H:%M:%S
$GUPr1w02Mr,$GUPr1w02Mr,$(yy/MM/dd HH:mm:ss) INFO $: Registering the $,__TENX_TS__ INFO @@: Registering the ,,,%y/%m/%d %H:%M:%S
f5zozXMtBjq,f5zozXMtBjq,"$(yy/MM/dd HH:mm:ss) INFO $: Will request $ executor containers, each with $ cores and $ MB memory including $ MB overhead","__TENX_TS__ INFO @@: Will request @@ executor containers, each with @@ cores and @@ MB memory including ",, MB overhead,%y/%m/%d %H:%M:%S
$etMcQgmQ8nQ,$etMcQgmQ8nQ,"$(yy/MM/dd HH:mm:ss) INFO $: Container request (host: Any, $: <memory:$, $:$>)","__TENX_TS__ INFO @@: Container request (host: Any, @@: <memory:@@, @@:",,>),%y/%m/%d %H:%M:%S
edKwQsTsT2P,edKwQsTsT2P,"$(yy/MM/dd HH:mm:ss) INFO $: Started progress reporter thread with (heartbeat : $, initial allocation : $) $","__TENX_TS__ INFO @@: Started progress reporter thread with (heartbeat : @@, initial allocation : @@) ",,,%y/%m/%d %H:%M:%S
$c0MXEWe9ZAs,$c0MXEWe9ZAs,$(yy/MM/dd HH:mm:ss) INFO $: Received new token for : mesos-master-1:$,__TENX_TS__ INFO @@: Received new token for : mesos-master-1:,,,%y/%m/%d %H:%M:%S
kwRk3UUD6YY,kwRk3UUD6YY,$(yy/MM/dd HH:mm:ss) INFO $: Received new token for : mesos-$$:$,__TENX_TS__ INFO @@: Received new token for : mesos-@@@@:,,,%y/%m/%d %H:%M:%S
b58QADZ8CN8,b58QADZ8CN8,$(yy/MM/dd HH:mm:ss) INFO $: Launching container container_$_$_$_$ for on host mesos-master-1,__TENX_TS__ INFO @@: Launching container container_@@_@@_@@_,, for on host mesos-master-1,%y/%m/%d %H:%M:%S
gDpZDKzDWF,gDpZDKzDWF,"$(yy/MM/dd HH:mm:ss) INFO $: Launching $. driverUrl: spark:////$.$.$.$:$,  $: mesos-master-1","__TENX_TS__ INFO @@: Launching @@. driverUrl: spark://@@.@@.@@.@@:@@,  ",,: mesos-master-1,%y/%m/%d %H:%M:%S
$h5Yy2vRxfp7,$h5Yy2vRxfp7,$(yy/MM/dd HH:mm:ss) INFO $: Launching container container_$_$_$_$ for on host mesos-$$,__TENX_TS__ INFO @@: Launching container container_@@_@@_@@_@@ for on host mesos-@@,,,%y/%m/%d %H:%M:%S
ghVxGkwEC71,ghVxGkwEC71,$(yy/MM/dd HH:mm:ss) INFO $: Starting Executor Container,__TENX_TS__ INFO ,,: Starting Executor Container,%y/%m/%d %H:%M:%S
$cm8Nl55KSt6,$cm8Nl55KSt6,"$(yy/MM/dd HH:mm:ss) INFO $: Launching $. driverUrl: spark:////$.$.$.$:$,  $: mesos-$$","__TENX_TS__ INFO @@: Launching @@. driverUrl: spark://@@.@@.@@.@@:@@,  @@: mesos-@@",,,%y/%m/%d %H:%M:%S
$fqkjm2a3xS0,$fqkjm2a3xS0,$(yy/MM/dd HH:mm:ss) INFO $: yarn.client.max-cached-$-$ : $,__TENX_TS__ INFO @@: yarn.client.max-cached-@@-@@ : ,,,%y/%m/%d %H:%M:%S
etlOLr1j6Ov,etlOLr1j6Ov,$(yy/MM/dd HH:mm:ss) INFO $: Setting up $,__TENX_TS__ INFO @@: Setting up ,,,%y/%m/%d %H:%M:%S
$kB7RpZ8AFgS,$kB7RpZ8AFgS,"$(yy/MM/dd HH:mm:ss) INFO $: Received $ containers from YARN, launching executors on $ of them.","__TENX_TS__ INFO @@: Received @@ containers from YARN, launching executors on ",, of them.,%y/%m/%d %H:%M:%S
xCCk6dGvKJ,xCCk6dGvKJ,$(yy/MM/dd HH:mm:ss) INFO $: $ Local resources,__TENX_TS__ INFO @@: ,, Local resources,%y/%m/%d %H:%M:%S
jznmzVEV4XB,jznmzVEV4XB,"$(yy/MM/dd HH:mm:ss) INFO $: $ Local resources Map(__spark__.jar -> resource { scheme: ""hdfs"" host: ""$.$.$.$"" port: $ file: ""//user//$//.$//application_$_$//spark-$-1.$.$-$.$.$.jar"" } size: $ timestamp: $ type: FILE visibility: $, pyspark.zip -> resource { scheme: ""hdfs"" host: ""$.$.$.$"" port: $ file: ""//user//$//.$//application_$_$//pyspark.zip"" } size: $ timestamp: $ type: FILE visibility: $, py4j$.$-src.zip -> resource { scheme: ""hdfs"" host: ""$.$.$.$"" port: $ file: ""//user//$//.$//application_$_$//py4j$.$-src.zip"" } size: $ timestamp: $ type: FILE visibility: $)","__TENX_TS__ INFO @@: @@ Local resources Map(__spark__.jar -> resource { scheme: ""hdfs"" host: ""@@.@@.@@.@@"" port: @@ file: ""/user/@@/.@@/application_@@_@@/spark-@@-1.@@.@@-@@.@@.@@.jar"" } size: @@ timestamp: @@ type: FILE visibility: @@, pyspark.zip -> resource { scheme: ""hdfs"" host: ""@@.@@.@@.@@"" port: @@ file: ""/user/@@/.@@/application_@@_@@/pyspark.zip"" } size: @@ timestamp: @@ type: FILE visibility: @@, py4j@@.@@-src.zip -> resource { scheme: ""hdfs"" host: ""@@.@@.@@.@@"" port: @@ file: ""/user/@@/.@@/application_@@_@@/py4j@@.@@-src.zip"" } size: @@ timestamp: @@ type: FILE visibility: ",,),%y/%m/%d %H:%M:%S
$J64TbDL8jg,$J64TbDL8jg,"$(yy/MM/dd HH:mm:ss) INFO $: 
===============================================================================
YARN executor launch context:
  env:
    $ -> {{$}}<$>{{$}}//__spark__.jar<$>/$HADOOP_CONF_DIR<$>/$HADOOP_$_HOME//share//hadoop//common//*<$>/$HADOOP_$_HOME//share//hadoop//common//lib//*<$>/$HADOOP_HDFS_HOME//share//hadoop//hdfs//*<$>/$HADOOP_HDFS_HOME//share//hadoop//hdfs//lib//*<$>/$HADOOP_YARN_HOME//share//hadoop//yarn//*<$>/$HADOOP_YARN_HOME//share//hadoop//yarn//lib//*<$>/$HADOOP_$_HOME//share//hadoop//mapreduce//*<$>/$HADOOP_$_HOME//share//hadoop//mapreduce//lib//*<$>//$//local//hadoop//etc//hadoop://$//local//hadoop//share//hadoop//common//lib//*://$//local//hadoop//share//hadoop//common//*://$//local//hadoop//share//hadoop//hdfs://$//local//hadoop//share//hadoop//hdfs//lib//*://$//local//hadoop//share//hadoop//hdfs//*://$//local//hadoop//share//hadoop//yarn//lib//*://$//local//hadoop//share//hadoop//yarn//*://$//local//hadoop//share//hadoop//mapreduce//lib//*://$//local//hadoop//share//hadoop//mapreduce//*://contrib//capacity-scheduler//*.jar","__TENX_TS__ INFO @@: 
===============================================================================
YARN executor launch context:
  env:
    @@ -> {{@@}}<@@>{{@@}}/__spark__.jar<@@>$HADOOP_CONF_DIR<@@>$HADOOP_@@_HOME/share/hadoop/common/*<@@>$HADOOP_@@_HOME/share/hadoop/common/lib/*<@@>$HADOOP_HDFS_HOME/share/hadoop/hdfs/*<@@>$HADOOP_HDFS_HOME/share/hadoop/hdfs/lib/*<@@>$HADOOP_YARN_HOME/share/hadoop/yarn/*<@@>$HADOOP_YARN_HOME/share/hadoop/yarn/lib/*<@@>$HADOOP_@@_HOME/share/hadoop/mapreduce/*<@@>$HADOOP_@@_HOME/share/hadoop/mapreduce/lib/*<@@>/@@/local/hadoop/etc/hadoop:/@@/local/hadoop/share/hadoop/common/lib/*:/@@/local/hadoop/share/hadoop/common/*:/@@/local/hadoop/share/hadoop/hdfs:/@@/local/hadoop/share/hadoop/hdfs/lib/*:/@@/local/hadoop/share/hadoop/hdfs/*:/@@/local/hadoop/share/hadoop/yarn/lib/*:/@@/local/hadoop/share/hadoop/yarn/*:/@@/local/hadoop/share/hadoop/mapreduce/lib/*:/",,/local/hadoop/share/hadoop/mapreduce/*:/contrib/capacity-scheduler/*.jar,%y/%m/%d %H:%M:%S
fi95n3a4MMz,fi95n3a4MMz,"    SPARK_LOG_URL_STDERR -> http:////mesos-master-1:$//node//$//container_$(epoch)_$_$_$//$//$=$
    SPARK_$_$ -> //$//local//hadoop//etc//hadoop://$//local//hadoop//share//hadoop//common//lib//*://$//local//hadoop//share//hadoop//common//*://$//local//hadoop//share//hadoop//hdfs://$//local//hadoop//share//hadoop//hdfs//lib//*://$//local//hadoop//share//hadoop//hdfs//*://$//local//hadoop//share//hadoop//yarn//lib//*://$//local//hadoop//share//hadoop//yarn//*://$//local//hadoop//share//hadoop//mapreduce//lib//*://$//local//hadoop//share//hadoop//mapreduce//*://contrib//capacity-scheduler//*.jar","    SPARK_LOG_URL_STDERR -> http://mesos-master-1:@@/node/@@/container___TENX_TS___@@_@@_@@/@@/@@=@@
    SPARK_@@_@@ -> /@@/local/hadoop/etc/hadoop:/@@/local/hadoop/share/hadoop/common/lib/*:/@@/local/hadoop/share/hadoop/common/*:/@@/local/hadoop/share/hadoop/hdfs:/@@/local/hadoop/share/hadoop/hdfs/lib/*:/@@/local/hadoop/share/hadoop/hdfs/*:/@@/local/hadoop/share/hadoop/yarn/lib/*:/@@/local/hadoop/share/hadoop/yarn/*:/@@/local/hadoop/share/hadoop/mapreduce/lib/*:/",,/local/hadoop/share/hadoop/mapreduce/*:/contrib/capacity-scheduler/*.jar,%s%Q
$ibE8EtQGbm9,$ibE8EtQGbm9,"    SPARK_YARN_STAGING_DIR -> .$//application_$(epoch)_$
    SPARK_YARN_CACHE_FILES_FILE_$ -> $,$,$
    SPARK_USER -> $
    SPARK_YARN_CACHE_FILES_$ -> $,$,$
    SPARK_YARN_MODE -> true","    SPARK_YARN_STAGING_DIR -> .@@/application___TENX_TS___@@
    SPARK_YARN_CACHE_FILES_FILE_@@ -> @@,@@,@@
    SPARK_USER -> @@
    SPARK_YARN_CACHE_FILES_@@ -> @@,@@,",,"
    SPARK_YARN_MODE -> true",%s%Q
$kGdGWhL5Hpk,$kGdGWhL5Hpk,"    SPARK_YARN_CACHE_FILES_TIME_$ -> $(epoch),$,$
    PYTHONPATH -> {{$}}//pyspark.zip<$>{{$}}//py4j$.$-src.zip","    SPARK_YARN_CACHE_FILES_TIME_@@ -> __TENX_TS__,@@,@@
    PYTHONPATH -> {{@@}}/pyspark.zip<@@>{{@@}}/py4j@@.",,-src.zip,%s%Q
$gSctynhMcP2,$gSctynhMcP2,    SPARK_LOG_URL_STDOUT -> http:////mesos-master-1:$//node//$//container_$(epoch)_$_$_$//$//$=$,    SPARK_LOG_URL_STDOUT -> http://mesos-master-1:@@/node/@@/container___TENX_TS___@@_@@_@@/@@/@@=,,,%s%Q
$k2WBx1nQnC0,$k2WBx1nQnC0,"    SPARK_YARN_CACHE_FILES -> hdfs:////$.$.$.$:$//user//$//.$//application_$(epoch)_$//spark-$-1.$.$-$.$.$.$__spark__.jar,hdfs:////$.$.$.$:$//user//$//.$//application_$_$//pyspark.$.zip,hdfs:////$.$.$.$:$//user//$//.$//application_$_$//py4j$.$-src.$$.$-src.zip
  command:","    SPARK_YARN_CACHE_FILES -> hdfs://@@.@@.@@.@@:@@/user/@@/.@@/application___TENX_TS___@@/spark-@@-1.@@.@@-@@.@@.@@.@@__spark__.jar,hdfs://@@.@@.@@.@@:@@/user/@@/.@@/application_@@_@@/pyspark.@@.zip,hdfs://@@.@@.@@.@@:@@/user/@@/.@@/application_@@_@@/py4j@@.@@-src.@@@@.",,"-src.zip
  command:",%s%Q
hwEOtKTlmgl,hwEOtKTlmgl,"    {{JAVA_HOME}}//bin//java -server -XX:$='kill $' -$ -$ -$.io.tmpdir={{$}}//tmp '-Dspark.driver.port=$' -Dspark.yarn.app.container.log.dir=<LOG_DIR> -XX:$=$ org.apache.spark.executor.CoarseGrainedExecutorBackend --driver-url spark:////$.$.$.$:$ --executor-id $ --hostname mesos-master-1 --cores $ --app-id application_$(epoch)_$ --user-class-path file:/$$//__app__.jar $> <LOG_DIR>//stdout $> <LOG_DIR>//stderr
===============================================================================",    {{JAVA_HOME}}/bin/java -server -XX:@@='kill @@' -@@ -@@ -@@.io.tmpdir={{@@}}/tmp '-Dspark.driver.port=@@' -Dspark.yarn.app.container.log.dir=<LOG_DIR> -XX:@@=@@ org.apache.spark.executor.CoarseGrainedExecutorBackend --driver-url spark://@@.@@.@@.@@:@@ --executor-id @@ --hostname mesos-master-1 --cores @@ --app-id application___TENX_TS___@@ --user-class-path file:$@@/__app__.jar @@> <LOG_DIR>/stdout ,,"> <LOG_DIR>/stderr
===============================================================================",%s%Q
fv0Y7XxvMlY,fv0Y7XxvMlY,"    SPARK_LOG_URL_STDERR -> http:////mesos-$$:$//node//$//container_$(epoch)_$_$_$//$//$=$
    SPARK_$_$ -> //$//local//hadoop//etc//hadoop://$//local//hadoop//share//hadoop//common//lib//*://$//local//hadoop//share//hadoop//common//*://$//local//hadoop//share//hadoop//hdfs://$//local//hadoop//share//hadoop//hdfs//lib//*://$//local//hadoop//share//hadoop//hdfs//*://$//local//hadoop//share//hadoop//yarn//lib//*://$//local//hadoop//share//hadoop//yarn//*://$//local//hadoop//share//hadoop//mapreduce//lib//*://$//local//hadoop//share//hadoop//mapreduce//*://contrib//capacity-scheduler//*.jar","    SPARK_LOG_URL_STDERR -> http://mesos-@@@@:@@/node/@@/container___TENX_TS___@@_@@_@@/@@/@@=@@
    SPARK_@@_@@ -> /@@/local/hadoop/etc/hadoop:/@@/local/hadoop/share/hadoop/common/lib/*:/@@/local/hadoop/share/hadoop/common/*:/@@/local/hadoop/share/hadoop/hdfs:/@@/local/hadoop/share/hadoop/hdfs/lib/*:/@@/local/hadoop/share/hadoop/hdfs/*:/@@/local/hadoop/share/hadoop/yarn/lib/*:/@@/local/hadoop/share/hadoop/yarn/*:/@@/local/hadoop/share/hadoop/mapreduce/lib/*:/",,/local/hadoop/share/hadoop/mapreduce/*:/contrib/capacity-scheduler/*.jar,%s%Q
$hjqAQhbyH1R,$hjqAQhbyH1R,    SPARK_LOG_URL_STDOUT -> http:////mesos-$$:$//node//$//container_$(epoch)_$_$_$//$//$=$,    SPARK_LOG_URL_STDOUT -> http://mesos-@@@@:@@/node/@@/container___TENX_TS___@@_@@_@@/@@/@@=,,,%s%Q
$ikvWoYBsi1g,$ikvWoYBsi1g,"    {{JAVA_HOME}}//bin//java -server -XX:$='kill $' -$ -$ -$.io.tmpdir={{$}}//tmp '-Dspark.driver.port=$' -Dspark.yarn.app.container.log.dir=<LOG_DIR> -XX:$=$ org.apache.spark.executor.CoarseGrainedExecutorBackend --driver-url spark:////$.$.$.$:$ --executor-id $ --hostname mesos-$$ --cores $ --app-id application_$(epoch)_$ --user-class-path file:/$$//__app__.jar $> <LOG_DIR>//stdout $> <LOG_DIR>//stderr
===============================================================================",    {{JAVA_HOME}}/bin/java -server -XX:@@='kill @@' -@@ -@@ -@@.io.tmpdir={{@@}}/tmp '-Dspark.driver.port=@@' -Dspark.yarn.app.container.log.dir=<LOG_DIR> -XX:@@=@@ org.apache.spark.executor.CoarseGrainedExecutorBackend --driver-url spark://@@.@@.@@.@@:@@ --executor-id @@ --hostname mesos-@@@@ --cores @@ --app-id application___TENX_TS___@@ --user-class-path file:$@@/__app__.jar @@> <LOG_DIR>/stdout ,,"> <LOG_DIR>/stderr
===============================================================================",%s%Q
$fwqP3sK2Cxs,$fwqP3sK2Cxs,$(yy/MM/dd HH:mm:ss) INFO $: $ proxy : mesos-master-1:$,__TENX_TS__ INFO @@: @@ proxy : mesos-master-1:,,,%y/%m/%d %H:%M:%S
iip03GqCvDH,iip03GqCvDH,$(yy/MM/dd HH:mm:ss) INFO $: $ proxy : mesos-$$:$,__TENX_TS__ INFO @@: @@ proxy : mesos-@@@@:,,,%y/%m/%d %H:%M:%S
jSpzLWRs7c,jSpzLWRs7c,"Exception in thread ""$-1"" java.lang.Error: org.apache.spark.SparkException: Exception while starting container container_$(epoch)_$_$_$ on host mesos-$$
	at java.util.concurrent.ThreadPoolExecutor.$0(ThreadPoolExecutor.java:$)
	at java.util.concurrent.ThreadPoolExecutor/$Worker.run(ThreadPoolExecutor.java:$)
	at java.lang.Thread.run(Thread.java:$)","Exception in thread ""@@-1"" java.lang.Error: org.apache.spark.SparkException: Exception while starting container container___TENX_TS___@@_@@_@@ on host mesos-@@@@
	at java.util.concurrent.ThreadPoolExecutor.@@0(ThreadPoolExecutor.java:@@)
	at java.util.concurrent.ThreadPoolExecutor$Worker.run(ThreadPoolExecutor.java:@@)
	at java.lang.Thread.run(Thread.java:",,),%s%Q
T4oGBbro4u,T4oGBbro4u,"Caused by: org.apache.spark.SparkException: Exception while starting container container_$(epoch)_$_$_$ on host mesos-$$
	at org.apache.spark.deploy.yarn.$.$0($.scala:$)
	at org.apache.spark.deploy.yarn.$.run($.scala:$)
	at java.util.concurrent.ThreadPoolExecutor.$0(ThreadPoolExecutor.java:$)
	... $ more
Caused by: org.apache.hadoop.yarn.exceptions.$: Unauthorized request to start container. ","Caused by: org.apache.spark.SparkException: Exception while starting container container___TENX_TS___@@_@@_@@ on host mesos-@@@@
	at org.apache.spark.deploy.yarn.@@.@@0(@@.scala:@@)
	at org.apache.spark.deploy.yarn.@@.run(@@.scala:@@)
	at java.util.concurrent.ThreadPoolExecutor.@@0(ThreadPoolExecutor.java:@@)
	... @@ more
Caused by: org.apache.hadoop.yarn.exceptions.",,: Unauthorized request to start container. ,%s%Q
7y71rYOY2a,7y71rYOY2a,"This token is expired. current time is $(epoch) found $
Note: System times on machines may be out of sync. Check system time and time $.
	at sun.reflect.$.$0($ Method)
	at sun.reflect.$.newInstance($.java:$)
	at sun.reflect.$.newInstance($.java:$)
	at java.lang.reflect.$.newInstance($.java:$)
	at org.apache.hadoop.yarn.api.records.impl.pb.$.$0($.java:$)
	at org.apache.hadoop.yarn.api.records.impl.pb.$.$0($.java:$)
	at org.apache.hadoop.yarn.client.api.impl.$.$0($.java:$)
	at org.apache.spark.deploy.yarn.$.$0($.scala:$)
	... $ more","This token is expired. current time is __TENX_TS__ found @@
Note: System times on machines may be out of sync. Check system time and time @@.
	at sun.reflect.@@.@@0(@@ Method)
	at sun.reflect.@@.newInstance(@@.java:@@)
	at sun.reflect.@@.newInstance(@@.java:@@)
	at java.lang.reflect.@@.newInstance(@@.java:@@)
	at org.apache.hadoop.yarn.api.records.impl.pb.@@.@@0(@@.java:@@)
	at org.apache.hadoop.yarn.api.records.impl.pb.@@.@@0(@@.java:@@)
	at org.apache.hadoop.yarn.client.api.impl.@@.@@0(@@.java:@@)
	at org.apache.spark.deploy.yarn.@@.@@0(@@.scala:@@)
	... ",, more,%s%Q
jV5SzHCr1Wd,jV5SzHCr1Wd,$(yy/MM/dd HH:mm:ss) INFO $: Received new token for : mesos-master$:$,__TENX_TS__ INFO @@: Received new token for : mesos-master@@:,,,%y/%m/%d %H:%M:%S
bntOtTk1TWQ,bntOtTk1TWQ,$(yy/MM/dd HH:mm:ss) INFO $: Launching container container_$_$_$_$ for on host mesos-master$,__TENX_TS__ INFO @@: Launching container container_@@_@@_@@_@@ for on host mesos-master,,,%y/%m/%d %H:%M:%S
$iOMBR0l5HW2,$iOMBR0l5HW2,"$(yy/MM/dd HH:mm:ss) INFO $: Launching $. driverUrl: spark:////$.$.$.$:$,  $: mesos-master$","__TENX_TS__ INFO @@: Launching @@. driverUrl: spark://@@.@@.@@.@@:@@,  @@: mesos-master",,,%y/%m/%d %H:%M:%S
foSw5Y7Uetx,foSw5Y7Uetx,"    SPARK_LOG_URL_STDERR -> http:////mesos-master$:$//node//$//container_$(epoch)_$_$_$//$//$=$
    SPARK_$_$ -> //$//local//hadoop//etc//hadoop://$//local//hadoop//share//hadoop//common//lib//*://$//local//hadoop//share//hadoop//common//*://$//local//hadoop//share//hadoop//hdfs://$//local//hadoop//share//hadoop//hdfs//lib//*://$//local//hadoop//share//hadoop//hdfs//*://$//local//hadoop//share//hadoop//yarn//lib//*://$//local//hadoop//share//hadoop//yarn//*://$//local//hadoop//share//hadoop//mapreduce//lib//*://$//local//hadoop//share//hadoop//mapreduce//*://contrib//capacity-scheduler//*.jar","    SPARK_LOG_URL_STDERR -> http://mesos-master@@:@@/node/@@/container___TENX_TS___@@_@@_@@/@@/@@=@@
    SPARK_@@_@@ -> /@@/local/hadoop/etc/hadoop:/@@/local/hadoop/share/hadoop/common/lib/*:/@@/local/hadoop/share/hadoop/common/*:/@@/local/hadoop/share/hadoop/hdfs:/@@/local/hadoop/share/hadoop/hdfs/lib/*:/@@/local/hadoop/share/hadoop/hdfs/*:/@@/local/hadoop/share/hadoop/yarn/lib/*:/@@/local/hadoop/share/hadoop/yarn/*:/@@/local/hadoop/share/hadoop/mapreduce/lib/*:/",,/local/hadoop/share/hadoop/mapreduce/*:/contrib/capacity-scheduler/*.jar,%s%Q
jbJoUE2pQrt,jbJoUE2pQrt,    SPARK_LOG_URL_STDOUT -> http:////mesos-master$:$//node//$//container_$(epoch)_$_$_$//$//$=$,    SPARK_LOG_URL_STDOUT -> http://mesos-master@@:@@/node/@@/container___TENX_TS___@@_@@_@@/@@/@@=,,,%s%Q
iCfv2HYTCvL,iCfv2HYTCvL,"    {{JAVA_HOME}}//bin//java -server -XX:$='kill $' -$ -$ -$.io.tmpdir={{$}}//tmp '-Dspark.driver.port=$' -Dspark.yarn.app.container.log.dir=<LOG_DIR> -XX:$=$ org.apache.spark.executor.CoarseGrainedExecutorBackend --driver-url spark:////$.$.$.$:$ --executor-id $ --hostname mesos-master$ --cores $ --app-id application_$(epoch)_$ --user-class-path file:/$$//__app__.jar $> <LOG_DIR>//stdout $> <LOG_DIR>//stderr
===============================================================================",    {{JAVA_HOME}}/bin/java -server -XX:@@='kill @@' -@@ -@@ -@@.io.tmpdir={{@@}}/tmp '-Dspark.driver.port=@@' -Dspark.yarn.app.container.log.dir=<LOG_DIR> -XX:@@=@@ org.apache.spark.executor.CoarseGrainedExecutorBackend --driver-url spark://@@.@@.@@.@@:@@ --executor-id @@ --hostname mesos-master@@ --cores @@ --app-id application___TENX_TS___@@ --user-class-path file:$@@/__app__.jar @@> <LOG_DIR>/stdout ,,"> <LOG_DIR>/stderr
===============================================================================",%s%Q
$dtCgN4SNQTn,$dtCgN4SNQTn,$(yy/MM/dd HH:mm:ss) INFO $: $ proxy : mesos-master$:$,__TENX_TS__ INFO @@: @@ proxy : mesos-master@@:,,,%y/%m/%d %H:%M:%S
jgjifoefVgS,jgjifoefVgS,"Exception in thread ""$$"" java.lang.Error: org.apache.spark.SparkException: Exception while starting container container_$(epoch)_$_$_$ on host mesos-$$
	at java.util.concurrent.ThreadPoolExecutor.$0(ThreadPoolExecutor.java:$)
	at java.util.concurrent.ThreadPoolExecutor/$Worker.run(ThreadPoolExecutor.java:$)
	at java.lang.Thread.run(Thread.java:$)","Exception in thread ""@@@@"" java.lang.Error: org.apache.spark.SparkException: Exception while starting container container___TENX_TS___@@_@@_@@ on host mesos-@@@@
	at java.util.concurrent.ThreadPoolExecutor.@@0(ThreadPoolExecutor.java:@@)
	at java.util.concurrent.ThreadPoolExecutor$Worker.run(ThreadPoolExecutor.java:@@)
	at java.lang.Thread.run(Thread.java:",,),%s%Q
$eLSclsyZMsD,$eLSclsyZMsD,$(yy/MM/dd HH:mm:ss) INFO $/$$: Driver terminated or $ Shutting down. mesos-master-1:$,__TENX_TS__ INFO @@$@@: Driver terminated or @@ Shutting down. mesos-master-1:,,,%y/%m/%d %H:%M:%S
$k4XSLVe6rSK,$k4XSLVe6rSK,"$(yy/MM/dd HH:mm:ss) INFO $: Final app status: SUCCEEDED, exitCode: $","__TENX_TS__ INFO @@: Final app status: SUCCEEDED, exitCode: ",,,%y/%m/%d %H:%M:%S
fsCDsOnyg4t,fsCDsOnyg4t,$(yy/MM/dd HH:mm:ss) INFO $: $ $ with SUCCEEDED,__TENX_TS__ INFO @@: @@ ,, with SUCCEEDED,%y/%m/%d %H:%M:%S
bxAd3qxdKVW,bxAd3qxdKVW,$(yy/MM/dd HH:mm:ss) INFO $: Waiting for application to be successfully unregistered.,__TENX_TS__ INFO ,,: Waiting for application to be successfully unregistered.,%y/%m/%d %H:%M:%S
$hlLuQaVOYqS,$hlLuQaVOYqS,$(yy/MM/dd HH:mm:ss) INFO $: Deleting staging directory .$//application_$_$,__TENX_TS__ INFO @@: Deleting staging directory .@@/application_@@_,,,%y/%m/%d %H:%M:%S
$fxNSTwkxY7Y,$fxNSTwkxY7Y,$(yy/MM/dd HH:mm:ss) INFO ShutdownHookManager: Shutdown hook called,,,__TENX_TS__ INFO ShutdownHookManager: Shutdown hook called,%y/%m/%d %H:%M:%S
kLMhUEk2jG4,kLMhUEk2jG4,$(yy/MM/dd HH:mm:ss) INFO util.ShutdownHookManager: Deleting directory //opt//hdfs//nodemanager//$//$//$//application_$_$//spark-$-$-$-$-$,__TENX_TS__ INFO util.ShutdownHookManager: Deleting directory /opt/hdfs/nodemanager/@@/@@/@@/application_@@_@@/spark-@@-@@-@@-@@-,,,%y/%m/%d %H:%M:%S
$f2LLpEax9K4,$f2LLpEax9K4,$(yy/MM/dd HH:mm:ss) INFO storage.DiskBlockManager: Created local directory at //opt//hdfs//nodemanager//$//$//$//application_$_$//blockmgr$-$-$-$-$,__TENX_TS__ INFO storage.DiskBlockManager: Created local directory at /opt/hdfs/nodemanager/@@/@@/@@/application_@@_@@/blockmgr@@-@@-@@-@@-,,,%y/%m/%d %H:%M:%S
$dPskQOVvIvQ,$dPskQOVvIvQ,$(yy/MM/dd HH:mm:ss) INFO storage.DiskBlockManager: Created local directory at //opt//hdfs//nodemanager//$//$//$//application_$_$//blockmgr$$-$$-$,__TENX_TS__ INFO storage.DiskBlockManager: Created local directory at /opt/hdfs/nodemanager/@@/@@/@@/application_@@_@@/blockmgr@@@@-@@@@-,,,%y/%m/%d %H:%M:%S
$gkyQb9DBLhC,$gkyQb9DBLhC,"$(yy/MM/dd HH:mm:ss) INFO util.ShutdownHookManager: Shutdown hook called
$ up _JAVA_OPTIONS: -$.io.tmpdir=//opt//hdfs//tmp","__TENX_TS__ INFO util.ShutdownHookManager: Shutdown hook called
@@ up _JAVA_OPTIONS: -",,.io.tmpdir=/opt/hdfs/tmp,%y/%m/%d %H:%M:%S
$RUtrJnfUpX,$RUtrJnfUpX,$(yy/MM/dd HH:mm:ss) INFO $: $ started; listening on addresses :[akka.$:////$-master$:$],__TENX_TS__ INFO @@: @@ started; listening on addresses :[akka.@@://@@-master@@:,,],%y/%m/%d %H:%M:%S
$jCRj0DPg08r,$jCRj0DPg08r,$(yy/MM/dd HH:mm:ss) INFO executor.Executor: Starting executor ID $ on host mesos-master$,__TENX_TS__ INFO executor.Executor: Starting executor ID @@ on host mesos-master,,,%y/%m/%d %H:%M:%S
$kjD53NPc30f,$kjD53NPc30f,$(yy/MM/dd HH:mm:ss) INFO util.ShutdownHookManager: Deleting directory //opt//hdfs//nodemanager//$//$//$//application_$_$//spark-$-$$-$-$,__TENX_TS__ INFO util.ShutdownHookManager: Deleting directory /opt/hdfs/nodemanager/@@/@@/@@/application_@@_@@/spark-@@-@@@@-@@-,,,%y/%m/%d %H:%M:%S
$hOq1XVtgGeJ,$hOq1XVtgGeJ,$(yy/MM/dd HH:mm:ss) INFO storage.BlockManager: Removing RDD $,__TENX_TS__ INFO storage.BlockManager: Removing RDD ,,,%y/%m/%d %H:%M:%S
$ermfjmC9Rr9,$ermfjmC9Rr9,$(yy/MM/dd HH:mm:ss) INFO storage.DiskBlockManager: Created local directory at //opt//hdfs//nodemanager//$//$//$//application_$_$//blockmgr-$-$$$-$,__TENX_TS__ INFO storage.DiskBlockManager: Created local directory at /opt/hdfs/nodemanager/@@/@@/@@/application_@@_@@/blockmgr-@@-@@@@@@-,,,%y/%m/%d %H:%M:%S
cLH8mAmYYvR,cLH8mAmYYvR,"$(yy/MM/dd HH:mm:ss) INFO storage.MemoryStore: Block rdd_$_$ stored as bytes in memory (estimated size $.$ KB, free $.$ MB)","__TENX_TS__ INFO storage.MemoryStore: Block rdd_@@_@@ stored as bytes in memory (estimated size @@.@@ KB, free @@.",, MB),%y/%m/%d %H:%M:%S